,id,Supplier Name,Address,Contact,Email
0,8320,SHAW ROSS INT L IMP LTD    ,"21399 Horne Fall, Christopherhaven, MH 82101",(550)320-0030,shawrossintlimpltd@gmail.com
1,1128,BROWN-FORMAN CORP          ,"2962 Shields Street, Jonestown, MS 27567",337.345.3225x320,brownformancorp@gmail.com
2,9165,ULTRA BEVERAGE COMPANY LLP ,"064 Gray Freeway Apt. 498, South Joshua, GU 35478",001-471-602-3081,ultrabeveragecompanyllp@gmail.com
3,7245,PROXIMO SPIRITS INC.       ,"505 Nguyen Lights, Rachelland, VA 81108",6056424489,proximospiritsinc@gmail.com
4,12546,JIM BEAM BRANDS COMPANY    ,"7388 Danielle Stravenue, Daviston, AZ 90589",(728)570-5074x30367,jimbeambrandscompany@gmail.com
5,11567,CAMPARI AMERICA            ,"PSC 1512, Box 9856, APO AP 19581",(364)827-6063x8059,campariamerica@gmail.com
6,3664,WILLIAM GRANT & SONS INC   ,"9781 Caitlin Drive Apt. 458, Rebeccaberg, AR 53907",(715)296-2323,williamgrantsonsinc@gmail.com
7,4425,MARTIGNETTI COMPANIES,"9671 Coleman Glen, East Dylan, NY 07494",302.863.3620,martignetticompanies@gmail.com
8,8112,MOET HENNESSY USA INC      ,"2975 John Forest Suite 650, East Anitashire, NM 27560",9897494255,moethennessyusainc@gmail.com
9,7153,PINE STATE TRADING CO      ,"818 Murphy Estate, Patrickmouth, IN 18550",826-806-5025,pinestatetradingco@gmail.com
10,480,BACARDI USA INC            ,"67778 Williams View, Michaelatown, NE 13486",685-932-7703x49077,bacardiusainc@gmail.com
11,653,STATE WINE & SPIRITS   ,"8106 Carr Haven, Carlmouth, CO 58464",7942510571,statewinespirits@gmail.com
12,2555,DISARONNO INTERNATIONAL LLC,"6956 Paige Row, South Davidshire, DE 08868",(580)841-8215x3747,disaronnointernationalllc@gmail.com
13,9552,M S WALKER INC             ,"43273 Thomas Park Suite 029, West Cherylside, NH 07048",431-439-0034,mswalkerinc@gmail.com
14,3924,HEAVEN HILL DISTILLERIES   ,"49667 Harris Lake Suite 720, Port Elizabeth, VI 84593",+1-545-306-8195,heavenhilldistilleries@gmail.com
15,90032,LABELLE VYDS AND WINERY    ,"4308 Cohen Flat Apt. 527, Colleenville, OR 33221",956.723.2996,labellevydsandwinery@gmail.com
16,7239,REMY COINTREAU USA INC     ,"85161 Knight Mountain, Jennyshire, AS 08848",590.891.0664,remycointreauusainc@gmail.com
17,9206,PHILLIPS PRODUCTS CO.      ,"48752 Lewis Crossing, Bennetthaven, MH 07527",995.443.7016,phillipsproductsco@gmail.com
18,17035,PERNOD RICARD USA          ,"PSC 9649, Box 6972, APO AA 89888",746-533-7674,pernodricardusa@gmail.com
19,8352,LUXCO INC                  ,"932 Nguyen Place Suite 030, Solomonland, NM 33079",636.948.8325x9871,luxcoinc@gmail.com
20,9625,WESTERN SPIRITS BEVERAGE CO,"428 Jordan River, New Ashley, NH 01393",001-238-382-0691x7756,westernspiritsbeverageco@gmail.com
21,1485,CASTLE BRANDS CORP.        ,"926 Jill Center Suite 418, New Richard, CO 22565",353.839.9005,castlebrandscorp@gmail.com
22,660,SAZERAC NORTH AMERICA INC. ,"21297 Blackburn Ways, Lake Wayne, AK 55773",+1-468-334-7980,sazeracnorthamericainc@gmail.com
23,8664,"STOLI GROUP,(USA) LLC      ","76760 Mahoney Burgs, Karenstad, KY 00997",(897)597-2510,stoligroupusallc@gmail.com
24,3960,DIAGEO NORTH AMERICA INC   ,"238 Smith Road, East Victor, IN 36031",001-511-593-6610x838,diageonorthamericainc@gmail.com
25,8004,SAZERAC CO INC             ,"88148 Ross Plaza Suite 512, Reyesmouth, LA 22727",+1-815-508-2246x9263,sazeraccoinc@gmail.com
